{
    "Частота каждого тега": {
        "Важно": {
            "O": 19343,
            "B-entity": 1156,
            "I-entity": 3953
        },
        "Неважно": {
            "O": 7253,
            "B-entity": 265,
            "I-entity": 1128
        },
        "Вместе": {
            "O": 38686,
            "B-entity": 2312,
            "I-entity": 7906
        }
    },
    "Общее число тегов": {
        "Важно": 24452,
        "Неважно": 8646,
        "Вместе": 33098
    },
    "Относительная частота": {
        "Важно": {
            "O": 0.7910600359888762,
            "B-entity": 0.04727629641747096,
            "I-entity": 0.16166366759365286
        },
        "Неважно": {
            "O": 0.8388850335415221,
            "B-entity": 0.0306500115660421,
            "I-entity": 0.1304649548924358
        },
        "Вместе": {
            "O": 1.1688319535923621,
            "B-entity": 0.0698531633331319,
            "I-entity": 0.2388663967611336
        }
    },
    "Самый частый тег": {
        "Важно": [
            "O"
        ],
        "Неважно": [
            "O"
        ],
        "Вместе": [
            "O"
        ]
    },
    "Самый редкий тег": {
        "Важно": [
            "B-entity"
        ],
        "Неважно": [
            "B-entity"
        ],
        "Вместе": [
            "B-entity"
        ]
    },
    "Частота признаков важности": {
        "Важно": 1126,
        "Неважно": 512
    },
    "Общая частота признаков важности": 1638,
    "Относительная частота признаков важности": {
        "Важно": 0.6874236874236874,
        "Неважно": 0.3125763125763126
    }
}