{
    "Частота каждого тега": {
        "Важно": {
            "O": 26047,
            "B-entity": 1423,
            "I-entity": 4988
        },
        "Неважно": {
            "O": 11871,
            "B-entity": 426,
            "I-entity": 1894
        },
        "Вместе": {
            "O": 52094,
            "B-entity": 2846,
            "I-entity": 9976
        }
    },
    "Общее число тегов": {
        "Важно": 32458,
        "Неважно": 14191,
        "Вместе": 46649
    },
    "Относительная частота": {
        "Важно": {
            "O": 0.802483209070183,
            "B-entity": 0.04384127179739972,
            "I-entity": 0.15367551913241728
        },
        "Неважно": {
            "O": 0.8365161017546332,
            "B-entity": 0.03001902614333028,
            "I-entity": 0.1334648721020365
        },
        "Вместе": {
            "O": 1.116722759330318,
            "B-entity": 0.06100881047825248,
            "I-entity": 0.21385238697506914
        }
    },
    "Самый частый тег": {
        "Важно": [
            "O"
        ],
        "Неважно": [
            "O"
        ],
        "Вместе": [
            "O"
        ]
    },
    "Самый редкий тег": {
        "Важно": [
            "B-entity"
        ],
        "Неважно": [
            "B-entity"
        ],
        "Вместе": [
            "B-entity"
        ]
    },
    "Частота признаков важности": {
        "Важно": 1478,
        "Неважно": 864
    },
    "Общая частота признаков важности": 2342,
    "Относительная частота признаков важности": {
        "Важно": 0.6310845431255337,
        "Неважно": 0.36891545687446625
    }
}