{
    "Частота каждого тега": {
        "Важно": {
            "O": 6704,
            "B-entity": 267,
            "I-entity": 1035
        },
        "Неважно": {
            "O": 4618,
            "B-entity": 161,
            "I-entity": 766
        },
        "Вместе": {
            "O": 13408,
            "B-entity": 534,
            "I-entity": 2070
        }
    },
    "Общее число тегов": {
        "Важно": 8006,
        "Неважно": 5545,
        "Вместе": 13551
    },
    "Относительная частота": {
        "Важно": {
            "O": 0.8373719710217337,
            "B-entity": 0.033349987509367976,
            "I-entity": 0.12927804146889832
        },
        "Неважно": {
            "O": 0.8328223624887285,
            "B-entity": 0.02903516681695221,
            "I-entity": 0.1381424706943192
        },
        "Вместе": {
            "O": 0.9894472732639658,
            "B-entity": 0.03940668585344255,
            "I-entity": 0.15275625415098518
        }
    },
    "Самый частый тег": {
        "Важно": [
            "O"
        ],
        "Неважно": [
            "O"
        ],
        "Вместе": [
            "O"
        ]
    },
    "Самый редкий тег": {
        "Важно": [
            "B-entity"
        ],
        "Неважно": [
            "B-entity"
        ],
        "Вместе": [
            "B-entity"
        ]
    },
    "Частота признаков важности": {
        "Важно": 352,
        "Неважно": 352
    },
    "Общая частота признаков важности": 704,
    "Относительная частота признаков важности": {
        "Важно": 0.5,
        "Неважно": 0.5
    }
}